[
  {
    "channelName": "shroud",
    "totalWatchTimeMinutes": 3448,
    "totalSessions": 30,
    "totalMessages": 260,
    "totalChatMessages": 250,
    "totalSubscriptions": 0,
    "totalCheers": 10,
    "totalBits": 2614,
    "trackingDays": 30,
    "longestStreakDays": 30,
    "firstWatchedAt": "2025-11-16T00:00:00.000Z",
    "lastWatchedAt": "2025-12-15T00:00:00.000Z"
  },
  {
    "channelName": "pokimane",
    "totalWatchTimeMinutes": 4840,
    "totalSessions": 30,
    "totalMessages": 255,
    "totalChatMessages": 238,
    "totalSubscriptions": 0,
    "totalCheers": 17,
    "totalBits": 4821,
    "trackingDays": 30,
    "longestStreakDays": 30,
    "firstWatchedAt": "2025-11-16T00:00:00.000Z",
    "lastWatchedAt": "2025-12-15T00:00:00.000Z"
  },
  {
    "channelName": "xqcow",
    "totalWatchTimeMinutes": 3617,
    "totalSessions": 30,
    "totalMessages": 255,
    "totalChatMessages": 245,
    "totalSubscriptions": 0,
    "totalCheers": 10,
    "totalBits": 2647,
    "trackingDays": 30,
    "longestStreakDays": 30,
    "firstWatchedAt": "2025-11-16T00:00:00.000Z",
    "lastWatchedAt": "2025-12-15T00:00:00.000Z"
  }
]