[
  {
    "date": "2025-12-15T00:00:00.000Z",
    "channelName": "shroud",
    "watchSeconds": 4692,
    "messageCount": 3,
    "emoteCount": 0
  },
  {
    "date": "2025-12-15T00:00:00.000Z",
    "channelName": "pokimane",
    "watchSeconds": 11184,
    "messageCount": 10,
    "emoteCount": 3
  },
  {
    "date": "2025-12-15T00:00:00.000Z",
    "channelName": "xqcow",
    "watchSeconds": 4382,
    "messageCount": 11,
    "emoteCount": 3
  },
  {
    "date": "2025-12-14T00:00:00.000Z",
    "channelName": "shroud",
    "watchSeconds": 1948,
    "messageCount": 5,
    "emoteCount": 1
  },
  {
    "date": "2025-12-14T00:00:00.000Z",
    "channelName": "pokimane",
    "watchSeconds": 8636,
    "messageCount": 3,
    "emoteCount": 0
  },
  {
    "date": "2025-12-14T00:00:00.000Z",
    "channelName": "xqcow",
    "watchSeconds": 12059,
    "messageCount": 10,
    "emoteCount": 3
  },
  {
    "date": "2025-12-13T00:00:00.000Z",
    "channelName": "shroud",
    "watchSeconds": 4659,
    "messageCount": 11,
    "emoteCount": 3
  },
  {
    "date": "2025-12-13T00:00:00.000Z",
    "channelName": "pokimane",
    "watchSeconds": 13983,
    "messageCount": 4,
    "emoteCount": 1
  },
  {
    "date": "2025-12-13T00:00:00.000Z",
    "channelName": "xqcow",
    "watchSeconds": 6944,
    "messageCount": 6,
    "emoteCount": 1
  },
  {
    "date": "2025-12-12T00:00:00.000Z",
    "channelName": "shroud",
    "watchSeconds": 6864,
    "messageCount": 15,
    "emoteCount": 4
  },
  {
    "date": "2025-12-12T00:00:00.000Z",
    "channelName": "pokimane",
    "watchSeconds": 8693,
    "messageCount": 6,
    "emoteCount": 1
  },
  {
    "date": "2025-12-12T00:00:00.000Z",
    "channelName": "xqcow",
    "watchSeconds": 12514,
    "messageCount": 5,
    "emoteCount": 1
  },
  {
    "date": "2025-12-11T00:00:00.000Z",
    "channelName": "shroud",
    "watchSeconds": 5425,
    "messageCount": 3,
    "emoteCount": 0
  },
  {
    "date": "2025-12-11T00:00:00.000Z",
    "channelName": "pokimane",
    "watchSeconds": 6025,
    "messageCount": 6,
    "emoteCount": 1
  },
  {
    "date": "2025-12-11T00:00:00.000Z",
    "channelName": "xqcow",
    "watchSeconds": 2047,
    "messageCount": 8,
    "emoteCount": 2
  },
  {
    "date": "2025-12-10T00:00:00.000Z",
    "channelName": "shroud",
    "watchSeconds": 2722,
    "messageCount": 3,
    "emoteCount": 0
  },
  {
    "date": "2025-12-10T00:00:00.000Z",
    "channelName": "pokimane",
    "watchSeconds": 4296,
    "messageCount": 14,
    "emoteCount": 4
  },
  {
    "date": "2025-12-10T00:00:00.000Z",
    "channelName": "xqcow",
    "watchSeconds": 6208,
    "messageCount": 10,
    "emoteCount": 3
  },
  {
    "date": "2025-12-09T00:00:00.000Z",
    "channelName": "shroud",
    "watchSeconds": 2030,
    "messageCount": 3,
    "emoteCount": 0
  },
  {
    "date": "2025-12-09T00:00:00.000Z",
    "channelName": "pokimane",
    "watchSeconds": 7741,
    "messageCount": 9,
    "emoteCount": 2
  },
  {
    "date": "2025-12-09T00:00:00.000Z",
    "channelName": "xqcow",
    "watchSeconds": 4363,
    "messageCount": 4,
    "emoteCount": 1
  },
  {
    "date": "2025-12-08T00:00:00.000Z",
    "channelName": "shroud",
    "watchSeconds": 7057,
    "messageCount": 15,
    "emoteCount": 4
  },
  {
    "date": "2025-12-08T00:00:00.000Z",
    "channelName": "pokimane",
    "watchSeconds": 3222,
    "messageCount": 8,
    "emoteCount": 2
  },
  {
    "date": "2025-12-08T00:00:00.000Z",
    "channelName": "xqcow",
    "watchSeconds": 12232,
    "messageCount": 8,
    "emoteCount": 2
  },
  {
    "date": "2025-12-07T00:00:00.000Z",
    "channelName": "shroud",
    "watchSeconds": 5866,
    "messageCount": 12,
    "emoteCount": 3
  },
  {
    "date": "2025-12-07T00:00:00.000Z",
    "channelName": "pokimane",
    "watchSeconds": 13514,
    "messageCount": 14,
    "emoteCount": 4
  },
  {
    "date": "2025-12-07T00:00:00.000Z",
    "channelName": "xqcow",
    "watchSeconds": 2805,
    "messageCount": 6,
    "emoteCount": 1
  },
  {
    "date": "2025-12-06T00:00:00.000Z",
    "channelName": "shroud",
    "watchSeconds": 8880,
    "messageCount": 6,
    "emoteCount": 1
  },
  {
    "date": "2025-12-06T00:00:00.000Z",
    "channelName": "pokimane",
    "watchSeconds": 14302,
    "messageCount": 13,
    "emoteCount": 3
  },
  {
    "date": "2025-12-06T00:00:00.000Z",
    "channelName": "xqcow",
    "watchSeconds": 6670,
    "messageCount": 3,
    "emoteCount": 0
  },
  {
    "date": "2025-12-05T00:00:00.000Z",
    "channelName": "shroud",
    "watchSeconds": 5800,
    "messageCount": 3,
    "emoteCount": 0
  },
  {
    "date": "2025-12-05T00:00:00.000Z",
    "channelName": "pokimane",
    "watchSeconds": 12405,
    "messageCount": 14,
    "emoteCount": 4
  },
  {
    "date": "2025-12-05T00:00:00.000Z",
    "channelName": "xqcow",
    "watchSeconds": 13533,
    "messageCount": 5,
    "emoteCount": 1
  },
  {
    "date": "2025-12-04T00:00:00.000Z",
    "channelName": "shroud",
    "watchSeconds": 5865,
    "messageCount": 11,
    "emoteCount": 3
  },
  {
    "date": "2025-12-04T00:00:00.000Z",
    "channelName": "pokimane",
    "watchSeconds": 13002,
    "messageCount": 4,
    "emoteCount": 1
  },
  {
    "date": "2025-12-04T00:00:00.000Z",
    "channelName": "xqcow",
    "watchSeconds": 6884,
    "messageCount": 11,
    "emoteCount": 3
  },
  {
    "date": "2025-12-03T00:00:00.000Z",
    "channelName": "shroud",
    "watchSeconds": 14191,
    "messageCount": 3,
    "emoteCount": 0
  },
  {
    "date": "2025-12-03T00:00:00.000Z",
    "channelName": "pokimane",
    "watchSeconds": 12031,
    "messageCount": 7,
    "emoteCount": 2
  },
  {
    "date": "2025-12-03T00:00:00.000Z",
    "channelName": "xqcow",
    "watchSeconds": 11861,
    "messageCount": 5,
    "emoteCount": 1
  },
  {
    "date": "2025-12-02T00:00:00.000Z",
    "channelName": "shroud",
    "watchSeconds": 6678,
    "messageCount": 10,
    "emoteCount": 3
  },
  {
    "date": "2025-12-02T00:00:00.000Z",
    "channelName": "pokimane",
    "watchSeconds": 8473,
    "messageCount": 7,
    "emoteCount": 2
  },
  {
    "date": "2025-12-02T00:00:00.000Z",
    "channelName": "xqcow",
    "watchSeconds": 1842,
    "messageCount": 3,
    "emoteCount": 0
  },
  {
    "date": "2025-12-01T00:00:00.000Z",
    "channelName": "shroud",
    "watchSeconds": 13316,
    "messageCount": 11,
    "emoteCount": 3
  },
  {
    "date": "2025-12-01T00:00:00.000Z",
    "channelName": "pokimane",
    "watchSeconds": 7377,
    "messageCount": 14,
    "emoteCount": 4
  },
  {
    "date": "2025-12-01T00:00:00.000Z",
    "channelName": "xqcow",
    "watchSeconds": 3590,
    "messageCount": 15,
    "emoteCount": 4
  },
  {
    "date": "2025-11-30T00:00:00.000Z",
    "channelName": "shroud",
    "watchSeconds": 2486,
    "messageCount": 8,
    "emoteCount": 2
  },
  {
    "date": "2025-11-30T00:00:00.000Z",
    "channelName": "pokimane",
    "watchSeconds": 10200,
    "messageCount": 5,
    "emoteCount": 1
  },
  {
    "date": "2025-11-30T00:00:00.000Z",
    "channelName": "xqcow",
    "watchSeconds": 7962,
    "messageCount": 4,
    "emoteCount": 1
  },
  {
    "date": "2025-11-29T00:00:00.000Z",
    "channelName": "shroud",
    "watchSeconds": 2469,
    "messageCount": 11,
    "emoteCount": 3
  },
  {
    "date": "2025-11-29T00:00:00.000Z",
    "channelName": "pokimane",
    "watchSeconds": 10658,
    "messageCount": 4,
    "emoteCount": 1
  },
  {
    "date": "2025-11-29T00:00:00.000Z",
    "channelName": "xqcow",
    "watchSeconds": 14116,
    "messageCount": 11,
    "emoteCount": 3
  },
  {
    "date": "2025-11-28T00:00:00.000Z",
    "channelName": "shroud",
    "watchSeconds": 6780,
    "messageCount": 5,
    "emoteCount": 1
  },
  {
    "date": "2025-11-28T00:00:00.000Z",
    "channelName": "pokimane",
    "watchSeconds": 9584,
    "messageCount": 7,
    "emoteCount": 2
  },
  {
    "date": "2025-11-28T00:00:00.000Z",
    "channelName": "xqcow",
    "watchSeconds": 12039,
    "messageCount": 13,
    "emoteCount": 3
  },
  {
    "date": "2025-11-27T00:00:00.000Z",
    "channelName": "shroud",
    "watchSeconds": 11461,
    "messageCount": 9,
    "emoteCount": 2
  },
  {
    "date": "2025-11-27T00:00:00.000Z",
    "channelName": "pokimane",
    "watchSeconds": 3085,
    "messageCount": 6,
    "emoteCount": 1
  },
  {
    "date": "2025-11-27T00:00:00.000Z",
    "channelName": "xqcow",
    "watchSeconds": 4971,
    "messageCount": 13,
    "emoteCount": 3
  },
  {
    "date": "2025-11-26T00:00:00.000Z",
    "channelName": "shroud",
    "watchSeconds": 3397,
    "messageCount": 8,
    "emoteCount": 2
  },
  {
    "date": "2025-11-26T00:00:00.000Z",
    "channelName": "pokimane",
    "watchSeconds": 11718,
    "messageCount": 11,
    "emoteCount": 3
  },
  {
    "date": "2025-11-26T00:00:00.000Z",
    "channelName": "xqcow",
    "watchSeconds": 3779,
    "messageCount": 8,
    "emoteCount": 2
  },
  {
    "date": "2025-11-25T00:00:00.000Z",
    "channelName": "shroud",
    "watchSeconds": 1869,
    "messageCount": 3,
    "emoteCount": 0
  },
  {
    "date": "2025-11-25T00:00:00.000Z",
    "channelName": "pokimane",
    "watchSeconds": 5503,
    "messageCount": 11,
    "emoteCount": 3
  },
  {
    "date": "2025-11-25T00:00:00.000Z",
    "channelName": "xqcow",
    "watchSeconds": 8094,
    "messageCount": 13,
    "emoteCount": 3
  },
  {
    "date": "2025-11-24T00:00:00.000Z",
    "channelName": "shroud",
    "watchSeconds": 2413,
    "messageCount": 13,
    "emoteCount": 3
  },
  {
    "date": "2025-11-24T00:00:00.000Z",
    "channelName": "pokimane",
    "watchSeconds": 6228,
    "messageCount": 5,
    "emoteCount": 1
  },
  {
    "date": "2025-11-24T00:00:00.000Z",
    "channelName": "xqcow",
    "watchSeconds": 3399,
    "messageCount": 14,
    "emoteCount": 4
  },
  {
    "date": "2025-11-23T00:00:00.000Z",
    "channelName": "shroud",
    "watchSeconds": 14131,
    "messageCount": 8,
    "emoteCount": 2
  },
  {
    "date": "2025-11-23T00:00:00.000Z",
    "channelName": "pokimane",
    "watchSeconds": 6787,
    "messageCount": 14,
    "emoteCount": 4
  },
  {
    "date": "2025-11-23T00:00:00.000Z",
    "channelName": "xqcow",
    "watchSeconds": 14300,
    "messageCount": 6,
    "emoteCount": 1
  },
  {
    "date": "2025-11-22T00:00:00.000Z",
    "channelName": "shroud",
    "watchSeconds": 5869,
    "messageCount": 8,
    "emoteCount": 2
  },
  {
    "date": "2025-11-22T00:00:00.000Z",
    "channelName": "pokimane",
    "watchSeconds": 13712,
    "messageCount": 7,
    "emoteCount": 2
  },
  {
    "date": "2025-11-22T00:00:00.000Z",
    "channelName": "xqcow",
    "watchSeconds": 6018,
    "messageCount": 13,
    "emoteCount": 3
  },
  {
    "date": "2025-11-21T00:00:00.000Z",
    "channelName": "shroud",
    "watchSeconds": 11375,
    "messageCount": 13,
    "emoteCount": 3
  },
  {
    "date": "2025-11-21T00:00:00.000Z",
    "channelName": "pokimane",
    "watchSeconds": 10728,
    "messageCount": 6,
    "emoteCount": 1
  },
  {
    "date": "2025-11-21T00:00:00.000Z",
    "channelName": "xqcow",
    "watchSeconds": 2539,
    "messageCount": 6,
    "emoteCount": 1
  },
  {
    "date": "2025-11-20T00:00:00.000Z",
    "channelName": "shroud",
    "watchSeconds": 13906,
    "messageCount": 6,
    "emoteCount": 1
  },
  {
    "date": "2025-11-20T00:00:00.000Z",
    "channelName": "pokimane",
    "watchSeconds": 13068,
    "messageCount": 13,
    "emoteCount": 3
  },
  {
    "date": "2025-11-20T00:00:00.000Z",
    "channelName": "xqcow",
    "watchSeconds": 2625,
    "messageCount": 4,
    "emoteCount": 1
  },
  {
    "date": "2025-11-19T00:00:00.000Z",
    "channelName": "shroud",
    "watchSeconds": 5442,
    "messageCount": 12,
    "emoteCount": 3
  },
  {
    "date": "2025-11-19T00:00:00.000Z",
    "channelName": "pokimane",
    "watchSeconds": 14096,
    "messageCount": 4,
    "emoteCount": 1
  },
  {
    "date": "2025-11-19T00:00:00.000Z",
    "channelName": "xqcow",
    "watchSeconds": 5284,
    "messageCount": 7,
    "emoteCount": 2
  },
  {
    "date": "2025-11-18T00:00:00.000Z",
    "channelName": "shroud",
    "watchSeconds": 7857,
    "messageCount": 14,
    "emoteCount": 4
  },
  {
    "date": "2025-11-18T00:00:00.000Z",
    "channelName": "pokimane",
    "watchSeconds": 10855,
    "messageCount": 10,
    "emoteCount": 3
  },
  {
    "date": "2025-11-18T00:00:00.000Z",
    "channelName": "xqcow",
    "watchSeconds": 10245,
    "messageCount": 14,
    "emoteCount": 4
  },
  {
    "date": "2025-11-17T00:00:00.000Z",
    "channelName": "shroud",
    "watchSeconds": 12582,
    "messageCount": 15,
    "emoteCount": 4
  },
  {
    "date": "2025-11-17T00:00:00.000Z",
    "channelName": "pokimane",
    "watchSeconds": 6423,
    "messageCount": 8,
    "emoteCount": 2
  },
  {
    "date": "2025-11-17T00:00:00.000Z",
    "channelName": "xqcow",
    "watchSeconds": 7001,
    "messageCount": 14,
    "emoteCount": 4
  },
  {
    "date": "2025-11-16T00:00:00.000Z",
    "channelName": "shroud",
    "watchSeconds": 8868,
    "messageCount": 13,
    "emoteCount": 3
  },
  {
    "date": "2025-11-16T00:00:00.000Z",
    "channelName": "pokimane",
    "watchSeconds": 12904,
    "messageCount": 11,
    "emoteCount": 3
  },
  {
    "date": "2025-11-16T00:00:00.000Z",
    "channelName": "xqcow",
    "watchSeconds": 6735,
    "messageCount": 5,
    "emoteCount": 1
  }
]